log_n,m,k,rho,threads,commit_time,prove_time,verify_time,proof_size
20,1024,1024,0.5,1,0.078220939,0.023368227,0.025584929,3495763
20,1024,1024,0.5,1,0.078302401,0.021367002,0.025844184,3627539
20,1024,1024,0.5,1,0.078898245,0.021421263,0.026637583,3708231
20,1024,1024,0.5,1,0.078731821,0.021095505,0.025025736,3528091
20,1024,1024,0.5,1,0.078699300,0.021064184,0.025153058,3511223
20,1024,1024,0.5,2,0.046129571,0.022898716,0.025258441,3495763
20,1024,1024,0.5,2,0.051123276,0.020947412,0.025278361,3627539
20,1024,1024,0.5,2,0.049314503,0.019356565,0.022804414,3708231
20,1024,1024,0.5,2,0.055486466,0.021206408,0.024549904,3528091
20,1024,1024,0.5,2,0.058856843,0.021202768,0.024755769,3511223
20,1024,1024,0.5,4,0.030095882,0.022853716,0.024871862,3495763
20,1024,1024,0.5,4,0.042537859,0.021191838,0.032535288,3627539
20,1024,1024,0.5,4,0.047346699,0.021545096,0.033925651,3708231
20,1024,1024,0.5,4,0.039316184,0.019453817,0.021944695,3528091
20,1024,1024,0.5,4,0.040168703,0.019480499,0.022010276,3511223
20,1024,1024,0.5,8,0.023871829,0.023252145,0.032348344,3495763
20,1024,1024,0.5,8,0.030390739,0.021528355,0.037041982,3627539
20,1024,1024,0.5,8,0.030653685,0.021654598,0.038135977,3708231
20,1024,1024,0.5,8,0.025525127,0.019556460,0.036441788,3528091
20,1024,1024,0.5,8,0.025996818,0.019569680,0.036020689,3511223
20,1024,1024,0.5,16,0.019526409,0.023104101,0.033246295,3495763
20,1024,1024,0.5,16,0.022520478,0.021619277,0.039350146,3627539
20,1024,1024,0.5,16,0.016269125,0.019915718,0.036442459,3708231
20,1024,1024,0.5,16,0.016769676,0.019777315,0.034488843,3528091
20,1024,1024,0.5,16,0.016808987,0.019713223,0.034379531,3511223
21,1024,2048,0.5,1,0.162147199,0.039367525,0.027781929,3799895
21,1024,2048,0.5,1,0.162359784,0.037448762,0.028325052,3933783
21,1024,2048,0.5,1,0.163579082,0.035215890,0.024444603,3867912
21,1024,2048,0.5,1,0.161298589,0.035181669,0.024437682,3882476
21,1024,2048,0.5,1,0.161506904,0.035199320,0.024337510,3865255
21,1024,2048,0.5,2,0.096526411,0.038378832,0.027158105,3799895
21,1024,2048,0.5,2,0.100032181,0.036769366,0.027424521,3933783
21,1024,2048,0.5,2,0.098823833,0.034752929,0.023577433,3867912
21,1024,2048,0.5,2,0.096458609,0.034720209,0.023454750,3882476
21,1024,2048,0.5,2,0.096643492,0.034784510,0.023404858,3865255
21,1024,2048,0.5,4,0.062737233,0.038312521,0.026585741,3799895
21,1024,2048,0.5,4,0.076449298,0.036753605,0.025322712,3933783
21,1024,2048,0.5,4,0.087065723,0.034955344,0.023014899,3867912
21,1024,2048,0.5,4,0.086080819,0.034706479,0.023321966,3882476
21,1024,2048,0.5,4,0.081143366,0.034675888,0.023031319,3865255
21,1024,2048,0.5,8,0.051917894,0.038252449,0.035309892,3799895
21,1024,2048,0.5,8,0.062207910,0.037113583,0.039971769,3933783
21,1024,2048,0.5,8,0.062209020,0.034886742,0.035740782,3867912
21,1024,2048,0.5,8,0.061781400,0.034804731,0.035927276,3882476
21,1024,2048,0.5,8,0.061779251,0.034821721,0.035844274,3865255
21,1024,2048,0.5,16,0.041786561,0.038907135,0.039386276,3799895
21,1024,2048,0.5,16,0.044215647,0.037014421,0.040278097,3933783
21,1024,2048,0.5,16,0.043435609,0.035067566,0.035958857,3867912
21,1024,2048,0.5,16,0.043856029,0.034923503,0.036061609,3882476
21,1024,2048,0.5,16,0.043623334,0.035063306,0.036061460,3865255
22,1024,4096,0.5,1,0.330235225,0.071557345,0.030573294,4055148
22,1024,4096,0.5,1,0.329560209,0.066832777,0.029837147,3990523
22,1024,4096,0.5,1,0.332489527,0.066534560,0.030769028,4071823
22,1024,4096,0.5,1,0.354797850,0.078477695,0.030508631,4073871
22,1024,4096,0.5,1,0.333959210,0.066721375,0.030856500,4073775
22,1024,4096,0.5,2,0.191546475,0.069343255,0.029463447,4055148
22,1024,4096,0.5,2,0.206743925,0.065270871,0.029043228,3990523
22,1024,4096,0.5,2,0.204320239,0.064907293,0.029853606,4071823
22,1024,4096,0.5,2,0.201089215,0.065121318,0.029667963,4073871
22,1024,4096,0.5,2,0.202554559,0.065142299,0.029832436,4073775
22,1024,4096,0.5,4,0.124144855,0.069088519,0.028652359,4055148
22,1024,4096,0.5,4,0.151841272,0.064239727,0.028397743,3990523
22,1024,4096,0.5,4,0.149462007,0.064922453,0.028721831,4071823
22,1024,4096,0.5,4,0.151640687,0.064396321,0.028787662,4073871
22,1024,4096,0.5,4,0.146424437,0.064470543,0.028678460,4073775
22,1024,4096,0.5,8,0.098648839,0.068716950,0.041425753,4055148
22,1024,4096,0.5,8,0.114091114,0.064308159,0.041126335,3990523
22,1024,4096,0.5,8,0.114383651,0.064130735,0.042246092,4071823
22,1024,4096,0.5,8,0.113801677,0.064490493,0.041472814,4073871
22,1024,4096,0.5,8,0.115953157,0.064144065,0.041825752,4073775
22,1024,4096,0.5,16,0.084847731,0.070053691,0.042195270,4055148
22,1024,4096,0.5,16,0.087123314,0.065267461,0.040986282,3990523
22,1024,4096,0.5,16,0.087678477,0.065432515,0.044373730,4071823
22,1024,4096,0.5,16,0.086989591,0.065567268,0.044530284,4073871
22,1024,4096,0.5,16,0.086844278,0.065337013,0.044571915,4073775
23,1024,8192,0.5,1,0.680986212,0.133083731,0.043043860,4181179
23,1024,8192,0.5,1,0.736637532,0.166618932,0.042925807,4178523
23,1024,8192,0.5,1,0.702121968,0.132037466,0.047684446,4212643
23,1024,8192,0.5,1,0.704041012,0.128433553,0.029482999,4193951
23,1024,8192,0.5,1,0.699237811,0.128720661,0.040728337,4232455
23,1024,8192,0.5,2,0.402480196,0.129923788,0.040523862,4181179
23,1024,8192,0.5,2,0.416800725,0.125334713,0.030708586,4178523
23,1024,8192,0.5,2,0.418062355,0.194133125,0.045534607,4212643
23,1024,8192,0.5,2,0.416631612,0.124931443,0.028052576,4193951
23,1024,8192,0.5,2,0.403719065,0.124546215,0.028246659,4232455
23,1024,8192,0.5,4,0.243874628,0.128417753,0.042871106,4181179
23,1024,8192,0.5,4,0.271802911,0.123162603,0.028793352,4178523
23,1024,8192,0.5,4,0.264162095,0.125194949,0.029622352,4212643
23,1024,8192,0.5,4,0.272824535,0.186883798,0.041413453,4193951
23,1024,8192,0.5,4,0.265840764,0.123107151,0.026940280,4232455
23,1024,8192,0.5,8,0.184078153,0.128498536,0.042435096,4181179
23,1024,8192,0.5,8,0.197029951,0.124118635,0.042519398,4178523
23,1024,8192,0.5,8,0.197625505,0.124756009,0.042874246,4212643
23,1024,8192,0.5,8,0.199278073,0.191354211,0.041655218,4193951
23,1024,8192,0.5,8,0.197658066,0.122630780,0.040636235,4232455
23,1024,8192,0.5,16,0.155427354,0.127982343,0.044625397,4181179
23,1024,8192,0.5,16,0.160781778,0.122127619,0.044743100,4178523
23,1024,8192,0.5,16,0.159624311,0.124913343,0.045243791,4212643
23,1024,8192,0.5,16,0.160934451,0.185057946,0.043906270,4193951
23,1024,8192,0.5,16,0.159557709,0.122065327,0.042218571,4232455
24,1024,16384,0.5,1,1.448803530,0.328285261,0.045696581,4318444
24,1024,16384,0.5,1,1.427215394,0.287462921,0.045033836,4315275
24,1024,16384,0.5,1,1.410520400,0.253778267,0.043777007,4262911
24,1024,16384,0.5,1,1.426310503,0.253330796,0.044738439,4313835
24,1024,16384,0.5,1,1.411393040,0.253960221,0.044673387,4332464
24,1024,16384,0.5,2,0.796570990,0.253702025,0.046965810,4318444
24,1024,16384,0.5,2,0.867938071,0.262048657,0.045699381,4315275
24,1024,16384,0.5,2,0.814488183,0.248336642,0.045606259,4262911
24,1024,16384,0.5,2,0.807248136,0.245662070,0.045862024,4313835
24,1024,16384,0.5,2,0.811914293,0.247818859,0.046004928,4332464
24,1024,16384,0.5,4,0.490263966,0.248421783,0.043669925,4318444
24,1024,16384,0.5,4,0.516559650,0.253620543,0.042376125,4315275
24,1024,16384,0.5,4,0.516101900,0.241270848,0.041230448,4262911
24,1024,16384,0.5,4,0.520227914,0.241942254,0.042723003,4313835
24,1024,16384,0.5,4,0.538473594,0.243318026,0.043111982,4332464
24,1024,16384,0.5,8,0.356300605,0.244744169,0.043690795,4318444
24,1024,16384,0.5,8,0.361467923,0.255263280,0.042532888,4315275
24,1024,16384,0.5,8,0.363915440,0.240968212,0.042085177,4262911
24,1024,16384,0.5,8,0.371459633,0.240241936,0.042523749,4313835
24,1024,16384,0.5,8,0.374042133,0.241479254,0.043263815,4332464
24,1024,16384,0.5,16,0.288868463,0.244888753,0.042862675,4318444
24,1024,16384,0.5,16,0.301221048,0.251274128,0.043030440,4315275
24,1024,16384,0.5,16,0.295333802,0.239600511,0.042637590,4262911
24,1024,16384,0.5,16,0.302269092,0.239996439,0.043148323,4313835
24,1024,16384,0.5,16,0.310990093,0.240972202,0.042993159,4332464
25,1024,32768,0.5,1,2.998191974,0.545794433,0.041299479,4425135
25,1024,32768,0.5,1,2.859619527,0.505449045,0.033998521,4428079
25,1024,32768,0.5,1,2.862307379,0.502642070,0.034024323,4435603
25,1024,32768,0.5,2,1.658236787,0.563542671,0.047569214,4425135
25,1024,32768,0.5,2,1.732660989,0.505126457,0.046687414,4428079
25,1024,32768,0.5,2,1.639285591,0.488114566,0.046407617,4435603
25,1024,32768,0.5,4,0.986803475,0.486784056,0.044638786,4425135
25,1024,32768,0.5,4,1.009690391,0.480770627,0.042590830,4428079
25,1024,32768,0.5,4,1.050453489,0.481652947,0.043950991,4435603
25,1024,32768,0.5,8,0.692438156,0.483491570,0.046831797,4425135
25,1024,32768,0.5,8,0.717611104,0.476939838,0.044843742,4428079
25,1024,32768,0.5,8,0.710182903,0.474006022,0.046059259,4435603
25,1024,32768,0.5,16,0.584013722,0.478436524,0.046751596,4425135
25,1024,32768,0.5,16,0.577811399,0.473175882,0.045620119,4428079
25,1024,32768,0.5,16,0.572141318,0.469934118,0.044935374,4435603
26,1024,65536,0.5,1,6.180263368,1.090380377,0.039107999,4566199
26,1024,65536,0.5,1,6.106698205,1.145742861,0.040318717,4555639
26,1024,65536,0.5,1,5.911181999,1.096229452,0.038829423,4556375
26,1024,65536,0.5,2,3.408843319,0.997967612,0.033958340,4566199
26,1024,65536,0.5,2,3.287864096,1.068632147,0.032418575,4555639
26,1024,65536,0.5,2,3.261629212,0.969065207,0.033123211,4556375
26,1024,65536,0.5,4,2.014445229,1.059949547,0.036982281,4566199
26,1024,65536,0.5,4,2.028224627,0.947579453,0.041209707,4555639
26,1024,65536,0.5,4,2.030216622,0.953197732,0.030520872,4556375
26,1024,65536,0.5,8,1.389755833,1.055288210,0.045211810,4566199
26,1024,65536,0.5,8,1.404771298,1.006981199,0.043468020,4555639
26,1024,65536,0.5,8,1.391828770,0.943334355,0.043650944,4556375
26,1024,65536,0.5,16,1.106635440,1.053416896,0.047841390,4566199
26,1024,65536,0.5,16,1.114809939,1.007974131,0.043816038,4555639
26,1024,65536,0.5,16,1.107175764,0.939778333,0.044106845,4556375
27,1024,131072,0.5,1,12.649917430,2.235056743,0.050305487,4691611
27,1024,131072,0.5,1,12.533149705,2.131966592,0.049770984,4700059
27,1024,131072,0.5,1,12.184195569,2.292957935,0.050654815,4700347
27,1024,131072,0.5,2,7.271546815,2.738121683,0.037356660,4691611
27,1024,131072,0.5,2,7.260688646,2.200704863,0.033908630,4700059
27,1024,131072,0.5,2,6.650325858,2.013501158,0.037151344,4700347
27,1024,131072,0.5,4,4.242083662,2.975349739,0.032594060,4691611
27,1024,131072,0.5,4,4.205751046,2.104412249,0.031998186,4700059
27,1024,131072,0.5,4,4.072575423,2.212302680,0.034113825,4700347
27,1024,131072,0.5,8,2.860629080,2.017950530,0.031813051,4691611
27,1024,131072,0.5,8,3.248122632,2.397715564,0.031116956,4700059
27,1024,131072,0.5,8,3.102972467,2.150482818,0.030873110,4700347
27,1024,131072,0.5,16,2.398792920,2.070040808,0.041268159,4691611
27,1024,131072,0.5,16,2.312810993,1.933460336,0.044173866,4700059
27,1024,131072,0.5,16,2.236160589,1.867168151,0.044295209,4700347
28,1024,262144,0.5,1,24.994943437,5.242541736,0.053408488,4845055
28,1024,262144,0.5,2,13.833335244,4.530555468,0.045799604,4845055
28,1024,262144,0.5,4,8.508765530,4.270717381,0.033572933,4845055
28,1024,262144,0.5,8,5.882998489,4.070238239,0.032168350,4845055
28,1024,262144,0.5,16,5.038900072,3.979445490,0.032219261,4845055
29,1024,524288,0.5,1,51.877387533,10.282019091,0.056377677,5005028
29,1024,524288,0.5,2,29.238978704,10.648208985,0.050253096,5005028
29,1024,524288,0.5,4,17.189861214,8.908639009,0.045201139,5005028
29,1024,524288,0.5,8,11.926725975,9.480316989,0.040500742,5005028
29,1024,524288,0.5,16,10.151581010,8.224127072,0.035521637,5005028
30,1024,1048576,0.5,1,107.978285211,22.678792908,0.051452054,5182920
30,1024,1048576,0.5,2,60.769625854,20.118756264,0.040148995,5182920
30,1024,1048576,0.5,4,35.028951363,19.873680417,0.035522310,5182920
30,1024,1048576,0.5,8,24.219853627,17.345144978,0.033121684,5182920
30,1024,1048576,0.5,16,20.414685009,16.297940598,0.031589208,5182920
